replyuser,2.56
oguser,3.59
Tywana,0.26
Tyriek,0.13
Tyrece,0.07
Travers,0.04
Tynan,0.29
Tylan,0.60
Tyeesha,0.32
Tyeasha,0.18
Tya,0.29
replyuser,2.79
oguser,3.47
Tywana,0.26
Tyriek,0.13
Tyrece,0.07
Travers,0.04
Tynan,0.29
Tylan,0.54
Tyeesha,0.29
Tyeasha,0.16
Tya,0.29
replyuser,2.79
oguser,3.47
Tywana,0.26
Tyriek,0.13
Tyrece,0.07
Travers,0.04
Tynan,0.29
Tylan,0.54
Tyeesha,0.29
Tyeasha,0.16
Tya,0.29
replyuser,2.56
oguser,3.59
Tywana,0.26
Tyriek,0.13
Tyrece,0.07
Travers,0.04
Tynan,0.29
Tylan,0.60
Tyeesha,0.32
Tyeasha,0.18
Tya,0.29
replyuser,2.56
oguser,3.59
Tywana,0.26
Tyriek,0.13
Tyrece,0.07
Travers,0.04
Tynan,0.29
Tylan,0.60
Tyeesha,0.32
Tyeasha,0.18
Tya,0.29
